<?xml version="1.0" encoding="UTF-8"?>
<GenRun Id="impl_1" LaunchPart="xc7a35tcpg236-1" LaunchTime="1648672227">
  <File Type="BITSTR-BMM" Name="my_counter_bd.bmm"/>
  <File Type="OPT-METHODOLOGY-DRC" Name="my_counter_methodology_drc_opted.rpt"/>
  <File Type="INIT-TIMING" Name="my_counter_timing_summary_init.rpt"/>
  <File Type="ROUTE-PWR" Name="my_counter_power_routed.rpt"/>
  <File Type="PA-TCL" Name="my_counter.tcl"/>
  <File Type="OPT-TIMING" Name="my_counter_timing_summary_opted.rpt"/>
  <File Type="OPT-DCP" Name="my_counter_opt.dcp"/>
  <File Type="ROUTE-PWR-SUM" Name="my_counter_power_summary_routed.pb"/>
  <File Type="REPORTS-TCL" Name="my_counter_reports.tcl"/>
  <File Type="OPT-DRC" Name="my_counter_drc_opted.rpt"/>
  <File Type="OPT-HWDEF" Name="my_counter.hwdef"/>
  <File Type="PWROPT-DCP" Name="my_counter_pwropt.dcp"/>
  <File Type="PWROPT-DRC" Name="my_counter_drc_pwropted.rpt"/>
  <File Type="PWROPT-TIMING" Name="my_counter_timing_summary_pwropted.rpt"/>
  <File Type="PLACE-DCP" Name="my_counter_placed.dcp"/>
  <File Type="PLACE-IO" Name="my_counter_io_placed.rpt"/>
  <File Type="PLACE-CLK" Name="my_counter_clock_utilization_placed.rpt"/>
  <File Type="PLACE-UTIL" Name="my_counter_utilization_placed.rpt"/>
  <File Type="PLACE-UTIL-PB" Name="my_counter_utilization_placed.pb"/>
  <File Type="PLACE-CTRL" Name="my_counter_control_sets_placed.rpt"/>
  <File Type="PLACE-SIMILARITY" Name="my_counter_incremental_reuse_placed.rpt"/>
  <File Type="PLACE-PRE-SIMILARITY" Name="my_counter_incremental_reuse_pre_placed.rpt"/>
  <File Type="BG-BGN" Name="my_counter.bgn"/>
  <File Type="PLACE-TIMING" Name="my_counter_timing_summary_placed.rpt"/>
  <File Type="POSTPLACE-PWROPT-DCP" Name="my_counter_postplace_pwropt.dcp"/>
  <File Type="BG-BIN" Name="my_counter.bin"/>
  <File Type="POSTPLACE-PWROPT-TIMING" Name="my_counter_timing_summary_postplace_pwropted.rpt"/>
  <File Type="PHYSOPT-DCP" Name="my_counter_physopt.dcp"/>
  <File Type="PHYSOPT-DRC" Name="my_counter_drc_physopted.rpt"/>
  <File Type="BITSTR-MSK" Name="my_counter.msk"/>
  <File Type="PHYSOPT-TIMING" Name="my_counter_timing_summary_physopted.rpt"/>
  <File Type="ROUTE-ERROR-DCP" Name="my_counter_routed_error.dcp"/>
  <File Type="ROUTE-DCP" Name="my_counter_routed.dcp"/>
  <File Type="ROUTE-BLACKBOX-DCP" Name="my_counter_routed_bb.dcp"/>
  <File Type="ROUTE-DRC" Name="my_counter_drc_routed.rpt"/>
  <File Type="ROUTE-DRC-PB" Name="my_counter_drc_routed.pb"/>
  <File Type="BITSTR-LTX" Name="debug_nets.ltx"/>
  <File Type="BITSTR-LTX" Name="my_counter.ltx"/>
  <File Type="ROUTE-DRC-RPX" Name="my_counter_drc_routed.rpx"/>
  <File Type="BITSTR-MMI" Name="my_counter.mmi"/>
  <File Type="ROUTE-METHODOLOGY-DRC" Name="my_counter_methodology_drc_routed.rpt"/>
  <File Type="ROUTE-METHODOLOGY-DRC-RPX" Name="my_counter_methodology_drc_routed.rpx"/>
  <File Type="BITSTR-SYSDEF" Name="my_counter.sysdef"/>
  <File Type="ROUTE-METHODOLOGY-DRC-PB" Name="my_counter_methodology_drc_routed.pb"/>
  <File Type="ROUTE-PWR-RPX" Name="my_counter_power_routed.rpx"/>
  <File Type="ROUTE-STATUS" Name="my_counter_route_status.rpt"/>
  <File Type="ROUTE-STATUS-PB" Name="my_counter_route_status.pb"/>
  <File Type="ROUTE-TIMINGSUMMARY" Name="my_counter_timing_summary_routed.rpt"/>
  <File Type="ROUTE-TIMING-PB" Name="my_counter_timing_summary_routed.pb"/>
  <File Type="ROUTE-TIMING-RPX" Name="my_counter_timing_summary_routed.rpx"/>
  <File Type="ROUTE-SIMILARITY" Name="my_counter_incremental_reuse_routed.rpt"/>
  <File Type="ROUTE-CLK" Name="my_counter_clock_utilization_routed.rpt"/>
  <File Type="ROUTE-BUS-SKEW" Name="my_counter_bus_skew_routed.rpt"/>
  <File Type="ROUTE-BUS-SKEW-PB" Name="my_counter_bus_skew_routed.pb"/>
  <File Type="ROUTE-BUS-SKEW-RPX" Name="my_counter_bus_skew_routed.rpx"/>
  <File Type="POSTROUTE-PHYSOPT-DCP" Name="my_counter_postroute_physopt.dcp"/>
  <File Type="POSTROUTE-PHYSOPT-BLACKBOX-DCP" Name="my_counter_postroute_physopt_bb.dcp"/>
  <File Type="POSTROUTE-PHYSOPT-TIMING" Name="my_counter_timing_summary_postroute_physopted.rpt"/>
  <File Type="POSTROUTE-PHYSOPT-TIMING-PB" Name="my_counter_timing_summary_postroute_physopted.pb"/>
  <File Type="POSTROUTE-PHYSOPT-TIMING-RPX" Name="my_counter_timing_summary_postroute_physopted.rpx"/>
  <File Type="POSTROUTE-PHYSOPT-BUS-SKEW" Name="my_counter_bus_skew_postroute_physopted.rpt"/>
  <File Type="POSTROUTE-PHYSOPT-BUS-SKEW-PB" Name="my_counter_bus_skew_postroute_physopted.pb"/>
  <File Type="BG-BIT" Name="my_counter.bit"/>
  <File Type="POSTROUTE-PHYSOPT-BUS-SKEW-RPX" Name="my_counter_bus_skew_postroute_physopted.rpx"/>
  <File Type="BITSTR-RBT" Name="my_counter.rbt"/>
  <File Type="BITSTR-NKY" Name="my_counter.nky"/>
  <File Type="BG-DRC" Name="my_counter.drc"/>
  <File Type="RDI-RDI" Name="my_counter.vdi"/>
  <File Type="WBT-USG" Name="usage_statistics_webtalk.html"/>
  <FileSet Name="sources" Type="DesignSrcs" RelSrcDir="$PSRCDIR/sources_1">
    <Filter Type="Srcs"/>
    <File Path="$PSRCDIR/sources_1/new/my_counter.v">
      <FileInfo>
        <Attr Name="ImportPath" Val="$PPRDIR/../project_1/project_1.srcs/sources_1/new/my_counter.v"/>
        <Attr Name="ImportTime" Val="1648497737"/>
        <Attr Name="UsedIn" Val="synthesis"/>
        <Attr Name="UsedIn" Val="implementation"/>
        <Attr Name="UsedIn" Val="simulation"/>
      </FileInfo>
    </File>
    <Config>
      <Option Name="DesignMode" Val="RTL"/>
      <Option Name="TopModule" Val="my_counter"/>
      <Option Name="TopAutoSet" Val="TRUE"/>
    </Config>
  </FileSet>
  <FileSet Name="constrs_in" Type="Constrs" RelSrcDir="$PSRCDIR/constrs_1">
    <Filter Type="Constrs"/>
    <File Path="$PSRCDIR/constrs_1/new/Basys-3-Master.xdc">
      <FileInfo>
        <Attr Name="UsedIn" Val="synthesis"/>
        <Attr Name="UsedIn" Val="implementation"/>
      </FileInfo>
    </File>
    <Config>
      <Option Name="ConstrsType" Val="XDC"/>
    </Config>
  </FileSet>
  <Strategy Version="1" Minor="2">
    <StratHandle Name="Vivado Implementation Defaults" Flow="Vivado Implementation 2018"/>
    <Step Id="init_design"/>
    <Step Id="opt_design"/>
    <Step Id="power_opt_design"/>
    <Step Id="place_design"/>
    <Step Id="post_place_power_opt_design"/>
    <Step Id="phys_opt_design"/>
    <Step Id="route_design"/>
    <Step Id="post_route_phys_opt_design"/>
    <Step Id="write_bitstream"/>
  </Strategy>
</GenRun>
