<?xml version="1.0" encoding="UTF-8"?>
<GenRun Id="synth_1" LaunchPart="xc7a35tcpg236-1" LaunchTime="1648672227">
  <File Type="PA-TCL" Name="my_counter.tcl"/>
  <File Type="RDS-PROPCONSTRS" Name="my_counter_drc_synth.rpt"/>
  <File Type="REPORTS-TCL" Name="my_counter_reports.tcl"/>
  <File Type="RDS-RDS" Name="my_counter.vds"/>
  <File Type="RDS-UTIL" Name="my_counter_utilization_synth.rpt"/>
  <File Type="RDS-UTIL-PB" Name="my_counter_utilization_synth.pb"/>
  <File Type="RDS-DCP" Name="my_counter.dcp"/>
  <File Type="VDS-TIMINGSUMMARY" Name="my_counter_timing_summary_synth.rpt"/>
  <File Type="VDS-TIMING-PB" Name="my_counter_timing_summary_synth.pb"/>
  <FileSet Name="sources" Type="DesignSrcs" RelSrcDir="$PSRCDIR/sources_1">
    <Filter Type="Srcs"/>
    <File Path="$PSRCDIR/sources_1/new/my_counter.v">
      <FileInfo>
        <Attr Name="ImportPath" Val="$PPRDIR/../project_1/project_1.srcs/sources_1/new/my_counter.v"/>
        <Attr Name="ImportTime" Val="1648497737"/>
        <Attr Name="UsedIn" Val="synthesis"/>
        <Attr Name="UsedIn" Val="implementation"/>
        <Attr Name="UsedIn" Val="simulation"/>
      </FileInfo>
    </File>
    <Config>
      <Option Name="DesignMode" Val="RTL"/>
      <Option Name="TopModule" Val="my_counter"/>
      <Option Name="TopAutoSet" Val="TRUE"/>
    </Config>
  </FileSet>
  <FileSet Name="constrs_in" Type="Constrs" RelSrcDir="$PSRCDIR/constrs_1">
    <Filter Type="Constrs"/>
    <File Path="$PSRCDIR/constrs_1/new/Basys-3-Master.xdc">
      <FileInfo>
        <Attr Name="UsedIn" Val="synthesis"/>
        <Attr Name="UsedIn" Val="implementation"/>
      </FileInfo>
    </File>
    <Config>
      <Option Name="ConstrsType" Val="XDC"/>
    </Config>
  </FileSet>
  <Strategy Version="1" Minor="2">
    <StratHandle Name="Vivado Synthesis Defaults" Flow="Vivado Synthesis 2018"/>
    <Step Id="synth_design"/>
  </Strategy>
</GenRun>
